idx,type,n_craters,r_s,noise,ellipticity,alpha
0,single,1,25.03,0.036,0.258,2.87
1,single,1,20.3,0.036,0.177,3.2
2,single,1,22.68,0.044,0.174,2.99
3,single,1,10.84,0.042,0.037,3.46
4,single,1,23.01,0.058,0.143,2.98
5,single,1,26.46,0.045,0.087,3.08
6,single,1,20.5,0.011,0.239,3.17
7,single,1,18.23,0.062,0.002,3.05
8,single,1,18.88,0.066,0.148,3.46
9,single,1,11.25,0.035,0.015,3.31
10,single,1,19.02,0.032,0.226,3.28
11,single,1,8.3,0.043,0.24,2.86
12,single,1,10.57,0.019,0.059,3.07
13,single,1,14.41,0.034,0.135,3.43
14,single,1,11.63,0.036,0.236,3.42
15,single,1,16.54,0.013,0.029,2.86
16,single,1,17.45,0.055,0.004,2.9
17,single,1,8.56,0.013,0.282,3.5
18,single,1,11.78,0.056,0.109,3.21
19,single,1,12.9,0.031,0.095,3.18
20,single,1,9.23,0.052,0.114,3.06
21,single,1,23.71,0.015,0.159,3.12
22,single,1,12.7,0.051,0.123,2.95
23,single,1,24.1,0.059,0.293,2.87
24,single,1,19.25,0.058,0.217,3.13
25,single,1,17.6,0.033,0.096,2.87
26,single,1,20.8,0.021,0.075,3.05
27,single,1,23.22,0.064,0.248,3.01
28,single,1,20.01,0.035,0.266,3.17
29,single,1,17.57,0.067,0.193,3.16
30,single,1,10.84,0.06,0.123,3.05
31,single,1,16.53,0.034,0.11,2.9
32,single,1,23.83,0.032,0.09,3.07
33,single,1,9.0,0.028,0.099,3.45
34,single,1,10.56,0.034,0.088,3.46
35,single,1,17.12,0.021,0.0,3.17
36,single,1,14.39,0.06,0.098,3.08
37,single,1,11.41,0.033,0.004,2.88
38,single,1,18.59,0.01,0.274,3.06
39,single,1,14.87,0.049,0.259,3.32
40,single,1,19.32,0.02,0.205,3.3
41,single,1,22.35,0.027,0.147,3.13
42,single,1,28.22,0.065,0.002,3.21
43,single,1,15.42,0.051,0.112,3.49
44,single,1,27.82,0.018,0.03,3.21
45,single,1,26.91,0.058,0.114,3.18
46,single,1,23.91,0.053,0.281,3.24
47,single,1,10.38,0.047,0.081,3.38
48,single,1,20.08,0.031,0.115,3.3
49,single,1,15.76,0.038,0.161,3.12
50,single,1,24.28,0.065,0.168,3.12
51,single,1,8.59,0.036,0.294,3.04
52,single,1,11.87,0.041,0.035,2.98
53,single,1,11.58,0.046,0.288,3.44
54,single,1,11.62,0.027,0.272,2.87
55,single,1,21.74,0.038,0.232,3.08
56,single,1,20.77,0.06,0.108,3.17
57,single,1,11.19,0.032,0.187,2.99
58,single,1,12.07,0.059,0.279,3.31
59,single,1,21.65,0.04,0.136,2.99
60,single,1,12.2,0.028,0.017,3.26
61,single,1,8.55,0.029,0.092,3.35
62,single,1,8.99,0.014,0.051,3.18
63,single,1,24.71,0.039,0.225,2.96
64,single,1,19.45,0.042,0.117,2.83
65,single,1,8.26,0.018,0.158,3.38
66,single,1,15.26,0.064,0.052,3.13
67,single,1,12.72,0.028,0.091,3.46
68,single,1,22.25,0.044,0.184,3.19
69,single,1,22.15,0.056,0.075,3.03
70,single,1,21.49,0.023,0.085,3.37
71,single,1,13.02,0.022,0.023,3.16
72,single,1,22.32,0.042,0.032,2.82
73,single,1,10.21,0.041,0.218,3.27
74,single,1,8.29,0.052,0.095,3.44
75,single,1,20.82,0.061,0.016,2.84
76,single,1,15.79,0.039,0.267,2.97
77,single,1,18.35,0.067,0.285,3.07
78,single,1,29.0,0.05,0.07,2.88
79,single,1,14.35,0.048,0.214,3.37
80,single,1,22.44,0.027,0.261,3.37
81,single,1,20.88,0.068,0.243,3.06
82,single,1,18.34,0.023,0.093,2.81
83,single,1,27.71,0.037,0.088,2.99
84,single,1,14.09,0.018,0.26,3.03
85,single,1,22.46,0.061,0.299,3.2
86,single,1,9.79,0.031,0.196,3.37
87,single,1,19.63,0.04,0.297,2.97
88,single,1,20.93,0.056,0.221,3.23
89,single,1,12.81,0.03,0.234,2.97
90,single,1,16.94,0.026,0.104,2.87
91,single,1,19.15,0.016,0.261,3.03
92,single,1,25.49,0.061,0.049,2.91
93,single,1,8.53,0.069,0.092,3.26
94,single,1,22.48,0.06,0.161,3.1
95,single,1,23.26,0.069,0.142,3.44
96,single,1,19.31,0.039,0.015,3.24
97,single,1,23.29,0.052,0.251,3.27
98,single,1,8.08,0.014,0.025,3.29
99,single,1,13.88,0.02,0.05,2.85
100,single,1,19.39,0.069,0.011,3.02
101,single,1,9.61,0.025,0.189,3.28
102,single,1,19.75,0.055,0.276,2.94
103,single,1,9.08,0.055,0.222,3.18
104,single,1,14.06,0.054,0.073,3.16
105,single,1,17.15,0.046,0.263,3.27
106,single,1,22.84,0.062,0.024,2.89
107,single,1,20.55,0.042,0.079,3.34
108,single,1,22.14,0.018,0.062,3.44
109,single,1,27.36,0.027,0.018,2.9
110,single,1,20.75,0.055,0.2,3.43
111,single,1,21.62,0.038,0.024,2.88
112,single,1,22.1,0.031,0.13,3.31
113,single,1,22.97,0.057,0.251,3.09
114,single,1,11.85,0.048,0.073,3.17
115,single,1,23.56,0.011,0.03,3.36
116,single,1,9.68,0.061,0.242,2.94
117,single,1,16.54,0.024,0.28,3.33
118,single,1,23.96,0.061,0.089,3.33
119,single,1,19.01,0.068,0.289,3.32
120,single,1,9.11,0.013,0.003,2.86
121,single,1,27.76,0.014,0.149,3.47
122,single,1,20.13,0.056,0.245,2.94
123,single,1,18.7,0.032,0.114,2.89
124,single,1,10.06,0.068,0.275,3.06
125,single,1,17.93,0.067,0.123,2.85
126,single,1,10.45,0.054,0.028,3.41
127,single,1,20.36,0.021,0.272,3.4
128,single,1,29.16,0.069,0.024,3.29
129,single,1,21.06,0.064,0.282,3.08
130,single,1,22.78,0.041,0.076,2.98
131,single,1,21.98,0.027,0.236,3.22
132,single,1,23.69,0.035,0.02,3.42
133,single,1,29.07,0.023,0.185,3.34
134,single,1,12.06,0.043,0.2,3.4
135,single,1,16.1,0.044,0.173,3.47
136,single,1,25.41,0.016,0.26,3.36
137,single,1,17.57,0.067,0.074,3.32
138,single,1,28.44,0.022,0.054,2.85
139,single,1,27.01,0.049,0.248,3.09
140,single,1,11.44,0.012,0.008,3.29
141,single,1,20.74,0.04,0.093,3.36
142,single,1,27.54,0.028,0.247,3.32
143,single,1,10.79,0.037,0.223,3.03
144,single,1,16.5,0.055,0.165,3.21
145,single,1,17.83,0.035,0.223,3.44
146,single,1,12.47,0.037,0.27,3.12
147,single,1,28.11,0.062,0.001,3.35
148,single,1,20.94,0.014,0.294,3.06
149,single,1,15.96,0.053,0.19,3.34
150,single,1,15.54,0.013,0.218,2.89
151,single,1,29.89,0.033,0.249,3.31
152,single,1,12.84,0.048,0.111,3.41
153,single,1,19.7,0.032,0.219,2.88
154,single,1,13.14,0.022,0.19,3.21
155,single,1,20.11,0.064,0.18,3.21
156,single,1,10.35,0.059,0.272,2.9
157,single,1,14.6,0.056,0.195,3.07
158,single,1,16.7,0.016,0.261,3.04
159,single,1,23.89,0.043,0.18,2.89
160,single,1,16.86,0.066,0.285,2.91
161,single,1,22.47,0.064,0.021,3.45
162,single,1,28.08,0.028,0.011,3.3
163,single,1,23.19,0.038,0.127,3.25
164,single,1,27.24,0.064,0.249,2.92
165,single,1,24.44,0.062,0.111,3.49
166,single,1,20.63,0.038,0.002,3.02
167,single,1,13.49,0.011,0.173,2.88
168,single,1,11.22,0.029,0.134,2.87
169,single,1,22.66,0.067,0.13,3.46
170,single,1,25.82,0.029,0.23,2.97
171,single,1,25.78,0.015,0.093,3.34
172,single,1,8.58,0.024,0.157,3.16
173,single,1,19.36,0.029,0.224,3.22
174,single,1,25.89,0.014,0.177,3.45
175,single,1,16.8,0.02,0.006,2.84
176,single,1,8.26,0.053,0.255,3.09
177,single,1,13.16,0.018,0.211,2.92
178,single,1,20.91,0.034,0.284,3.07
179,single,1,18.51,0.046,0.068,2.84
180,single,1,16.13,0.06,0.206,3.29
181,single,1,8.38,0.014,0.173,3.36
182,single,1,11.78,0.039,0.17,3.3
183,single,1,17.15,0.016,0.275,3.26
184,single,1,16.0,0.012,0.052,3.08
185,single,1,19.94,0.018,0.237,3.47
186,single,1,21.13,0.041,0.069,2.97
187,single,1,19.79,0.063,0.181,3.31
188,single,1,14.12,0.042,0.183,3.49
189,single,1,10.12,0.01,0.114,2.88
190,single,1,20.38,0.056,0.133,2.82
191,single,1,29.33,0.061,0.271,2.9
192,single,1,11.49,0.025,0.273,3.1
193,single,1,25.91,0.056,0.297,3.43
194,single,1,29.73,0.029,0.223,3.09
195,single,1,17.66,0.037,0.292,3.33
196,single,1,8.72,0.066,0.212,3.04
197,single,1,14.62,0.019,0.178,2.94
198,single,1,29.98,0.025,0.269,3.42
199,single,1,25.58,0.016,0.259,3.33
200,single,1,18.48,0.018,0.097,3.26
201,single,1,18.39,0.012,0.154,3.35
202,single,1,19.7,0.064,0.017,3.31
203,single,1,13.69,0.027,0.254,3.18
204,single,1,27.78,0.056,0.135,3.09
205,single,1,25.71,0.037,0.032,3.48
206,single,1,14.44,0.014,0.164,3.46
207,single,1,19.13,0.04,0.211,3.14
208,single,1,24.06,0.03,0.195,2.81
209,single,1,20.23,0.055,0.105,2.88
210,single,1,29.7,0.055,0.006,3.34
211,single,1,25.93,0.058,0.287,2.88
212,single,1,28.1,0.054,0.156,2.88
213,single,1,11.66,0.021,0.001,2.87
214,single,1,27.63,0.036,0.222,2.99
215,single,1,13.31,0.046,0.046,3.07
216,single,1,21.39,0.033,0.196,2.99
217,single,1,20.66,0.028,0.191,3.34
218,single,1,28.09,0.031,0.259,3.3
219,single,1,21.32,0.038,0.203,3.43
220,single,1,8.33,0.068,0.117,2.94
221,single,1,26.33,0.067,0.167,3.47
222,single,1,20.37,0.063,0.23,3.19
223,single,1,21.32,0.051,0.284,3.23
224,single,1,23.26,0.03,0.217,2.82
225,single,1,9.31,0.055,0.26,3.38
226,single,1,29.9,0.04,0.266,3.43
227,single,1,14.85,0.02,0.036,2.84
228,single,1,17.2,0.024,0.229,3.03
229,single,1,12.28,0.018,0.098,3.37
230,single,1,28.26,0.032,0.119,2.9
231,single,1,16.17,0.061,0.27,3.4
232,single,1,16.53,0.05,0.221,3.18
233,single,1,17.9,0.021,0.24,2.84
234,single,1,19.79,0.061,0.137,3.1
235,single,1,16.29,0.05,0.295,2.88
236,single,1,12.7,0.028,0.034,2.85
237,single,1,11.65,0.035,0.07,3.26
238,single,1,14.73,0.046,0.001,3.15
239,single,1,20.95,0.026,0.167,2.91
240,single,1,26.42,0.012,0.062,3.24
241,single,1,14.47,0.047,0.235,2.99
242,single,1,14.71,0.039,0.241,3.33
243,single,1,23.97,0.032,0.287,2.81
244,single,1,27.61,0.033,0.034,3.16
245,single,1,18.1,0.04,0.281,3.04
246,single,1,13.8,0.027,0.116,3.05
247,single,1,23.56,0.065,0.017,2.96
248,single,1,9.06,0.055,0.017,3.21
249,single,1,18.16,0.013,0.297,3.33
250,single,1,24.11,0.041,0.265,2.95
251,single,1,22.05,0.017,0.201,3.47
252,single,1,26.98,0.045,0.012,3.31
253,single,1,13.88,0.042,0.213,2.84
254,single,1,26.35,0.056,0.205,3.07
255,single,1,26.38,0.066,0.296,2.98
256,single,1,17.84,0.054,0.234,3.48
257,single,1,14.33,0.032,0.104,3.14
258,single,1,20.44,0.048,0.138,3.19
259,single,1,29.73,0.059,0.059,3.15
260,single,1,29.97,0.058,0.04,3.14
261,single,1,10.09,0.019,0.279,3.4
262,single,1,26.63,0.021,0.207,3.06
263,single,1,21.15,0.022,0.235,2.87
264,single,1,18.21,0.044,0.274,3.4
265,single,1,26.74,0.026,0.105,2.83
266,single,1,12.83,0.027,0.143,3.38
267,single,1,11.92,0.017,0.205,3.2
268,single,1,20.76,0.016,0.144,2.86
269,single,1,27.43,0.058,0.139,3.1
270,single,1,14.4,0.045,0.152,3.38
271,single,1,14.33,0.028,0.153,3.06
272,single,1,14.35,0.034,0.11,3.46
273,single,1,26.01,0.055,0.091,3.41
274,single,1,22.32,0.057,0.173,2.85
275,single,1,8.18,0.034,0.089,2.86
276,single,1,18.42,0.018,0.011,3.26
277,single,1,10.43,0.037,0.079,2.99
278,single,1,27.54,0.015,0.127,2.86
279,single,1,26.75,0.06,0.181,3.35
280,single,1,11.7,0.066,0.24,3.27
281,single,1,23.75,0.031,0.047,2.99
282,single,1,18.68,0.067,0.203,2.93
283,single,1,28.38,0.015,0.002,2.95
284,single,1,26.39,0.046,0.139,3.04
285,single,1,19.23,0.017,0.109,3.07
286,single,1,14.75,0.055,0.172,3.14
287,single,1,12.61,0.043,0.049,3.29
288,single,1,29.93,0.021,0.06,2.86
289,single,1,20.93,0.032,0.193,3.31
290,single,1,28.16,0.069,0.018,3.49
291,single,1,17.04,0.013,0.19,3.02
292,single,1,26.5,0.04,0.273,3.09
293,single,1,17.83,0.063,0.18,2.95
294,single,1,21.33,0.023,0.002,2.92
295,single,1,27.48,0.028,0.182,3.19
296,single,1,21.99,0.017,0.241,2.82
297,single,1,23.26,0.045,0.246,2.9
298,single,1,9.02,0.026,0.174,3.44
299,single,1,25.87,0.055,0.228,3.06
300,single,1,15.1,0.059,0.039,3.03
301,single,1,22.15,0.066,0.027,3.04
302,single,1,17.78,0.053,0.184,2.93
303,single,1,20.2,0.014,0.026,3.32
304,single,1,11.05,0.037,0.261,3.17
305,single,1,29.91,0.065,0.213,2.83
306,single,1,19.46,0.046,0.118,2.83
307,single,1,19.25,0.028,0.013,2.9
308,single,1,19.81,0.027,0.121,3.38
309,single,1,21.15,0.039,0.231,3.14
310,single,1,17.93,0.015,0.017,3.25
311,single,1,21.29,0.042,0.148,2.95
312,single,1,18.6,0.03,0.296,3.07
313,single,1,14.4,0.039,0.044,2.83
314,single,1,13.14,0.055,0.153,2.85
315,single,1,12.41,0.059,0.269,3.28
316,single,1,21.39,0.043,0.156,3.48
317,single,1,17.65,0.023,0.201,3.32
318,single,1,25.93,0.034,0.253,3.25
319,single,1,27.83,0.038,0.102,3.35
320,single,1,21.94,0.031,0.155,3.21
321,single,1,24.56,0.019,0.07,3.44
322,single,1,27.19,0.029,0.254,3.0
323,single,1,17.19,0.054,0.274,3.35
324,single,1,21.36,0.038,0.16,2.89
325,single,1,12.16,0.037,0.038,2.99
326,single,1,22.87,0.069,0.07,3.18
327,single,1,14.14,0.028,0.052,3.14
328,single,1,14.25,0.045,0.241,2.83
329,single,1,25.55,0.056,0.211,2.86
330,single,1,17.66,0.064,0.162,3.22
331,single,1,13.16,0.025,0.193,3.44
332,single,1,27.55,0.062,0.062,2.85
333,single,1,27.35,0.039,0.214,2.99
334,single,1,22.97,0.067,0.156,2.86
335,single,1,19.51,0.061,0.216,3.03
336,single,1,22.55,0.014,0.111,2.88
337,single,1,16.54,0.066,0.176,3.26
338,single,1,27.94,0.059,0.082,2.97
339,single,1,18.23,0.021,0.026,3.17
340,single,1,24.19,0.066,0.059,3.24
341,single,1,17.26,0.049,0.188,3.17
342,single,1,29.82,0.049,0.049,2.94
343,single,1,24.51,0.03,0.075,3.15
344,single,1,29.8,0.068,0.135,3.18
345,single,1,13.31,0.028,0.267,3.22
346,single,1,27.84,0.043,0.038,3.19
347,single,1,27.56,0.028,0.299,2.86
348,single,1,28.82,0.041,0.154,2.9
349,single,1,20.0,0.055,0.015,3.17
350,single,1,8.2,0.018,0.276,2.92
351,single,1,16.77,0.036,0.078,3.46
352,single,1,14.58,0.047,0.263,3.1
353,single,1,28.34,0.047,0.165,2.89
354,single,1,20.94,0.046,0.122,3.11
355,single,1,12.6,0.012,0.152,3.27
356,single,1,16.42,0.035,0.28,3.22
357,single,1,11.73,0.035,0.136,2.96
358,single,1,10.57,0.016,0.193,3.04
359,single,1,22.27,0.03,0.231,3.3
360,single,1,16.2,0.041,0.101,3.02
361,single,1,28.34,0.038,0.169,3.49
362,single,1,25.6,0.037,0.041,2.99
363,single,1,9.31,0.032,0.039,3.04
364,single,1,9.31,0.012,0.105,2.89
365,single,1,29.68,0.064,0.012,3.08
366,single,1,23.25,0.016,0.061,2.83
367,single,1,10.2,0.011,0.074,3.05
368,single,1,22.74,0.061,0.033,3.27
369,single,1,11.14,0.026,0.037,3.39
370,single,1,23.03,0.065,0.271,2.99
371,single,1,26.02,0.063,0.13,3.42
372,single,1,27.98,0.04,0.144,3.37
373,single,1,22.53,0.051,0.241,3.23
374,single,1,14.98,0.023,0.277,3.06
375,single,1,14.88,0.043,0.121,3.12
376,single,1,21.91,0.028,0.154,2.91
377,single,1,21.24,0.019,0.096,3.03
378,single,1,20.87,0.017,0.07,3.39
379,single,1,23.51,0.046,0.127,3.03
380,single,1,21.16,0.052,0.181,3.28
381,single,1,21.86,0.037,0.065,2.87
382,single,1,10.89,0.019,0.206,3.36
383,single,1,13.54,0.021,0.157,2.97
384,single,1,13.04,0.062,0.087,3.28
385,single,1,29.06,0.026,0.284,3.4
386,single,1,25.3,0.052,0.032,3.06
387,single,1,22.63,0.036,0.288,3.0
388,single,1,16.99,0.019,0.262,2.84
389,single,1,29.52,0.016,0.157,3.49
390,single,1,24.46,0.019,0.133,2.87
391,single,1,10.47,0.017,0.249,3.26
392,single,1,17.42,0.042,0.116,2.96
393,single,1,26.81,0.059,0.185,3.49
394,single,1,13.98,0.028,0.006,3.16
395,single,1,14.67,0.047,0.079,3.42
396,single,1,12.82,0.014,0.085,2.8
397,single,1,11.99,0.041,0.123,2.99
398,single,1,9.06,0.031,0.205,2.95
399,single,1,21.04,0.037,0.115,3.27
400,single,1,8.76,0.051,0.148,3.35
401,single,1,26.05,0.012,0.032,3.26
402,single,1,21.98,0.064,0.224,3.16
403,single,1,20.51,0.042,0.129,2.85
404,single,1,23.92,0.023,0.071,3.42
405,single,1,17.38,0.049,0.177,3.31
406,single,1,11.32,0.037,0.211,3.02
407,single,1,27.03,0.061,0.001,3.32
408,single,1,17.94,0.017,0.285,3.15
409,single,1,8.51,0.04,0.228,3.17
410,single,1,12.81,0.061,0.24,3.26
411,single,1,21.11,0.037,0.209,3.06
412,single,1,8.89,0.031,0.059,3.5
413,single,1,21.13,0.062,0.289,3.26
414,single,1,21.3,0.038,0.023,3.37
415,single,1,9.75,0.066,0.096,3.5
416,single,1,13.28,0.066,0.197,3.2
417,single,1,20.02,0.057,0.226,3.12
418,single,1,16.97,0.038,0.148,3.07
419,single,1,15.27,0.022,0.096,3.17
420,single,1,16.07,0.025,0.104,2.85
421,single,1,13.64,0.038,0.203,3.34
422,single,1,13.25,0.055,0.019,3.0
423,single,1,24.62,0.046,0.203,3.49
424,single,1,18.13,0.052,0.139,2.81
425,single,1,17.6,0.053,0.051,3.18
426,single,1,8.46,0.047,0.059,2.95
427,single,1,24.96,0.069,0.227,3.45
428,single,1,21.94,0.017,0.058,3.34
429,single,1,23.32,0.024,0.084,3.47
430,single,1,11.53,0.035,0.276,2.87
431,single,1,13.89,0.01,0.057,3.15
432,single,1,28.33,0.036,0.043,3.34
433,single,1,25.18,0.032,0.048,2.98
434,single,1,20.83,0.05,0.199,3.01
435,single,1,20.8,0.05,0.111,2.93
436,single,1,9.72,0.063,0.157,3.35
437,single,1,18.27,0.039,0.129,3.1
438,single,1,11.58,0.042,0.278,3.33
439,single,1,13.27,0.046,0.299,3.02
440,single,1,8.49,0.07,0.29,2.87
441,single,1,15.29,0.061,0.183,3.2
442,single,1,29.64,0.019,0.029,3.31
443,single,1,26.95,0.062,0.059,3.21
444,single,1,15.38,0.055,0.16,3.13
445,single,1,9.58,0.069,0.052,3.39
446,single,1,23.37,0.036,0.262,3.45
447,single,1,8.13,0.027,0.072,3.02
448,single,1,25.28,0.019,0.236,3.34
449,single,1,14.05,0.066,0.241,3.18
450,single,1,14.99,0.047,0.11,3.19
451,single,1,25.27,0.022,0.276,2.98
452,single,1,24.62,0.062,0.292,3.15
453,single,1,15.14,0.023,0.097,2.96
454,single,1,27.79,0.017,0.116,3.19
455,single,1,12.24,0.045,0.237,3.41
456,single,1,29.65,0.037,0.024,3.42
457,single,1,17.14,0.012,0.097,2.82
458,single,1,9.42,0.01,0.218,2.99
459,single,1,16.36,0.032,0.138,3.45
460,single,1,13.66,0.047,0.174,3.26
461,single,1,28.24,0.04,0.158,3.32
462,single,1,17.81,0.01,0.058,3.33
463,single,1,28.07,0.047,0.044,3.07
464,single,1,10.48,0.042,0.122,3.08
465,single,1,9.95,0.068,0.23,3.5
466,single,1,25.17,0.055,0.193,3.41
467,single,1,17.51,0.035,0.097,2.95
468,single,1,19.27,0.062,0.173,3.27
469,single,1,15.11,0.021,0.041,3.3
470,single,1,19.76,0.015,0.032,3.26
471,single,1,13.5,0.031,0.1,2.98
472,single,1,12.57,0.042,0.082,2.86
473,single,1,10.37,0.057,0.209,2.88
474,single,1,25.63,0.053,0.203,3.1
475,single,1,21.03,0.054,0.14,3.38
476,single,1,16.28,0.032,0.044,2.8
477,single,1,28.36,0.027,0.237,3.26
478,single,1,19.78,0.021,0.064,3.35
479,single,1,27.57,0.068,0.216,3.47
480,single,1,9.48,0.052,0.147,3.49
481,single,1,10.5,0.06,0.148,3.43
482,single,1,13.99,0.059,0.287,3.41
483,single,1,9.97,0.018,0.015,3.08
484,single,1,9.03,0.039,0.082,3.15
485,single,1,13.94,0.02,0.069,3.24
486,single,1,21.07,0.019,0.024,3.22
487,single,1,11.93,0.026,0.239,3.28
488,single,1,26.3,0.05,0.105,2.93
489,single,1,27.7,0.042,0.177,3.25
490,single,1,11.89,0.021,0.091,2.99
491,single,1,13.13,0.034,0.053,2.85
492,single,1,23.76,0.017,0.157,3.32
493,single,1,22.86,0.015,0.035,3.0
494,single,1,13.25,0.046,0.047,3.48
495,single,1,20.55,0.052,0.105,3.22
496,single,1,22.76,0.036,0.106,3.46
497,single,1,13.08,0.012,0.192,2.94
498,single,1,14.83,0.055,0.018,2.8
499,single,1,22.54,0.011,0.157,2.94
500,single,1,8.78,0.03,0.088,2.86
501,single,1,13.58,0.051,0.026,2.87
502,single,1,14.53,0.069,0.037,3.21
503,single,1,24.28,0.064,0.269,3.26
504,single,1,17.87,0.016,0.109,2.92
505,single,1,19.04,0.041,0.274,3.23
506,single,1,16.34,0.043,0.186,3.45
507,single,1,28.02,0.047,0.09,2.97
508,single,1,26.22,0.045,0.29,2.82
509,single,1,8.16,0.063,0.218,3.39
510,single,1,21.34,0.058,0.009,3.36
511,single,1,10.17,0.025,0.208,3.48
512,single,1,21.25,0.048,0.04,3.0
513,single,1,18.01,0.018,0.087,3.43
514,single,1,18.75,0.061,0.133,3.22
515,single,1,16.97,0.068,0.168,3.03
516,single,1,13.96,0.034,0.201,2.97
517,single,1,16.49,0.036,0.238,3.33
518,single,1,15.6,0.064,0.094,3.41
519,single,1,13.72,0.037,0.146,2.86
520,single,1,20.83,0.021,0.177,3.26
521,single,1,8.03,0.038,0.086,3.07
522,single,1,10.63,0.055,0.235,2.86
523,single,1,15.3,0.035,0.164,3.05
524,single,1,13.57,0.034,0.023,3.34
525,single,1,29.19,0.017,0.163,2.95
526,single,1,11.07,0.04,0.09,2.83
527,single,1,23.98,0.039,0.184,3.11
528,single,1,21.86,0.066,0.012,2.84
529,single,1,19.3,0.055,0.297,3.28
530,single,1,24.86,0.04,0.025,3.07
531,single,1,27.68,0.011,0.086,3.05
532,single,1,10.77,0.063,0.151,3.34
533,single,1,22.48,0.067,0.245,3.33
534,single,1,18.06,0.052,0.021,2.95
535,single,1,16.48,0.047,0.216,3.26
536,single,1,12.33,0.06,0.144,3.09
537,single,1,9.01,0.024,0.027,3.45
538,single,1,12.85,0.05,0.177,3.41
539,single,1,25.18,0.048,0.092,3.06
540,single,1,21.87,0.067,0.18,3.25
541,single,1,26.73,0.02,0.166,2.97
542,single,1,19.33,0.058,0.293,3.02
543,single,1,23.35,0.057,0.108,3.07
544,single,1,17.16,0.063,0.069,2.94
545,single,1,11.19,0.02,0.263,3.45
546,single,1,14.18,0.047,0.074,2.91
547,single,1,27.67,0.049,0.247,3.09
548,single,1,18.17,0.062,0.272,3.2
549,single,1,10.33,0.057,0.277,3.1
550,single,1,24.08,0.021,0.051,3.2
551,single,1,15.51,0.052,0.273,3.05
552,single,1,17.78,0.017,0.165,3.11
553,single,1,18.12,0.038,0.136,2.99
554,single,1,23.34,0.032,0.193,2.82
555,single,1,27.07,0.042,0.212,3.49
556,single,1,20.86,0.022,0.299,3.42
557,single,1,9.23,0.013,0.155,3.49
558,single,1,27.83,0.04,0.242,3.37
559,single,1,20.62,0.064,0.079,3.42
560,single,1,22.07,0.022,0.254,2.82
561,single,1,11.26,0.057,0.277,3.03
562,single,1,18.53,0.053,0.233,2.91
563,single,1,26.22,0.027,0.271,2.94
564,single,1,28.25,0.068,0.298,2.87
565,single,1,11.88,0.06,0.136,3.35
566,single,1,22.91,0.011,0.075,3.37
567,single,1,15.76,0.032,0.255,3.27
568,single,1,18.5,0.017,0.114,3.12
569,single,1,9.38,0.022,0.074,3.41
570,single,1,24.29,0.013,0.17,3.28
571,single,1,13.63,0.057,0.076,2.99
572,single,1,25.28,0.015,0.269,3.13
573,single,1,12.55,0.061,0.186,3.19
574,single,1,26.29,0.047,0.166,3.11
575,single,1,10.77,0.01,0.048,3.07
576,single,1,21.83,0.036,0.091,3.27
577,single,1,18.87,0.046,0.085,3.19
578,single,1,25.39,0.052,0.267,3.36
579,single,1,10.04,0.043,0.088,3.43
580,single,1,25.34,0.034,0.056,3.17
581,single,1,16.44,0.063,0.058,3.18
582,single,1,27.78,0.06,0.254,3.0
583,single,1,16.47,0.052,0.223,3.12
584,single,1,18.37,0.017,0.012,3.2
585,single,1,9.88,0.054,0.026,2.97
586,single,1,16.79,0.056,0.269,3.13
587,single,1,19.87,0.061,0.126,3.27
588,single,1,29.63,0.049,0.134,3.3
589,single,1,10.59,0.044,0.023,3.06
590,single,1,26.44,0.065,0.151,3.16
591,single,1,15.98,0.048,0.181,3.17
592,single,1,22.67,0.066,0.175,3.46
593,single,1,11.58,0.052,0.296,3.01
594,single,1,26.59,0.018,0.236,3.4
595,single,1,17.67,0.029,0.159,3.42
596,single,1,10.7,0.046,0.255,2.82
597,single,1,19.51,0.034,0.013,3.4
598,single,1,26.35,0.014,0.03,3.38
599,single,1,14.56,0.056,0.161,3.39
600,single,1,21.45,0.036,0.294,3.22
601,single,1,24.98,0.033,0.284,3.49
602,single,1,10.16,0.016,0.046,3.11
603,single,1,14.43,0.042,0.264,3.4
604,single,1,9.49,0.028,0.021,3.21
605,single,1,28.83,0.011,0.221,3.15
606,single,1,12.68,0.013,0.153,3.03
607,single,1,27.14,0.049,0.112,3.09
608,single,1,16.47,0.039,0.153,3.44
609,single,1,20.08,0.06,0.116,3.12
610,single,1,20.29,0.031,0.079,3.16
611,single,1,19.3,0.059,0.172,2.9
612,single,1,28.92,0.053,0.067,2.95
613,single,1,15.64,0.03,0.098,3.34
614,single,1,28.57,0.014,0.242,3.19
615,single,1,22.85,0.032,0.195,2.88
616,single,1,10.16,0.019,0.16,2.91
617,single,1,11.9,0.029,0.16,3.46
618,single,1,11.31,0.07,0.059,2.81
619,single,1,24.02,0.027,0.243,2.98
620,single,1,17.86,0.02,0.001,3.03
621,single,1,8.62,0.026,0.021,3.19
622,single,1,23.12,0.06,0.078,3.49
623,single,1,25.18,0.064,0.275,3.41
624,single,1,21.66,0.063,0.249,3.03
625,single,1,26.59,0.063,0.067,3.01
626,single,1,12.13,0.063,0.031,3.31
627,single,1,21.79,0.063,0.012,2.91
628,single,1,14.34,0.011,0.224,2.85
629,single,1,17.83,0.047,0.046,3.36
630,single,1,27.21,0.025,0.029,2.93
631,single,1,15.59,0.023,0.204,3.34
632,single,1,22.58,0.056,0.265,3.27
633,single,1,19.69,0.051,0.233,3.0
634,single,1,14.4,0.066,0.27,3.23
635,single,1,12.16,0.034,0.251,3.02
636,single,1,27.8,0.03,0.168,2.98
637,single,1,25.76,0.057,0.056,3.22
638,single,1,19.06,0.022,0.158,3.34
639,single,1,15.11,0.045,0.275,3.12
640,single,1,10.32,0.058,0.117,3.27
641,single,1,20.13,0.07,0.224,2.98
642,single,1,11.09,0.058,0.173,3.03
643,single,1,20.9,0.058,0.004,3.16
644,single,1,26.58,0.048,0.136,3.25
645,single,1,16.48,0.057,0.049,3.21
646,single,1,15.02,0.064,0.094,3.08
647,single,1,29.26,0.062,0.096,2.93
648,single,1,15.59,0.065,0.291,3.07
649,single,1,29.34,0.016,0.155,2.97
650,single,1,23.96,0.036,0.126,3.4
651,single,1,23.72,0.062,0.184,3.32
652,single,1,19.21,0.043,0.134,3.4
653,single,1,28.64,0.061,0.157,3.39
654,single,1,14.4,0.011,0.037,3.2
655,single,1,29.77,0.017,0.096,3.17
656,single,1,15.74,0.038,0.191,3.33
657,single,1,13.55,0.037,0.293,2.93
658,single,1,12.23,0.046,0.134,3.27
659,single,1,17.01,0.023,0.294,3.38
660,single,1,10.62,0.055,0.069,3.14
661,single,1,27.73,0.016,0.111,3.13
662,single,1,25.68,0.035,0.127,2.99
663,single,1,11.01,0.034,0.073,3.27
664,single,1,11.32,0.029,0.211,3.24
665,single,1,19.1,0.036,0.269,3.27
666,single,1,9.21,0.041,0.08,3.47
667,single,1,16.3,0.02,0.189,3.39
668,single,1,16.2,0.042,0.123,3.09
669,single,1,19.35,0.052,0.042,3.34
670,single,1,15.22,0.053,0.299,2.92
671,single,1,9.9,0.052,0.001,2.95
672,single,1,10.12,0.018,0.299,3.11
673,single,1,13.84,0.042,0.204,3.18
674,single,1,17.21,0.047,0.181,3.25
675,single,1,22.47,0.042,0.264,3.09
676,single,1,28.1,0.057,0.172,3.11
677,single,1,28.07,0.031,0.188,3.28
678,single,1,9.95,0.044,0.052,3.16
679,single,1,29.67,0.045,0.078,3.25
680,single,1,29.0,0.05,0.233,3.08
681,single,1,28.79,0.013,0.235,3.48
682,single,1,9.92,0.066,0.043,3.44
683,single,1,23.13,0.03,0.149,2.91
684,single,1,13.27,0.013,0.093,3.35
685,single,1,14.3,0.044,0.099,2.96
686,single,1,21.5,0.051,0.115,3.04
687,single,1,18.77,0.032,0.213,3.49
688,single,1,14.52,0.025,0.161,2.8
689,single,1,15.46,0.033,0.265,3.02
690,single,1,17.13,0.061,0.247,3.39
691,single,1,16.45,0.049,0.114,3.29
692,single,1,8.17,0.036,0.083,2.85
693,single,1,26.72,0.015,0.279,3.18
694,single,1,26.41,0.044,0.296,3.27
695,single,1,23.68,0.061,0.093,3.03
696,single,1,12.74,0.049,0.108,2.82
697,single,1,25.69,0.034,0.031,2.86
698,single,1,8.6,0.017,0.237,3.04
699,single,1,11.84,0.025,0.079,3.03
700,single,1,9.42,0.021,0.032,3.17
701,single,1,13.51,0.069,0.135,3.47
702,single,1,29.87,0.069,0.098,3.16
703,single,1,15.85,0.039,0.084,3.25
704,single,1,15.85,0.06,0.058,2.82
705,single,1,25.98,0.052,0.108,3.13
706,single,1,13.66,0.055,0.158,3.35
707,single,1,27.07,0.043,0.182,3.06
708,single,1,20.68,0.067,0.231,2.94
709,single,1,12.84,0.029,0.231,3.06
710,single,1,19.87,0.04,0.152,3.06
711,single,1,8.5,0.064,0.299,3.16
712,single,1,18.29,0.027,0.023,3.2
713,single,1,23.82,0.031,0.245,2.99
714,single,1,22.24,0.045,0.162,3.01
715,single,1,28.45,0.056,0.095,2.84
716,single,1,15.85,0.014,0.201,2.9
717,single,1,9.84,0.06,0.295,2.9
718,single,1,26.49,0.047,0.03,2.89
719,single,1,23.23,0.048,0.222,2.86
720,single,1,25.01,0.042,0.133,3.22
721,single,1,10.14,0.055,0.277,2.96
722,single,1,28.1,0.067,0.065,3.28
723,single,1,8.94,0.026,0.001,3.49
724,single,1,24.5,0.036,0.231,2.98
725,single,1,10.11,0.012,0.231,3.09
726,single,1,20.7,0.061,0.026,3.09
727,single,1,10.54,0.032,0.228,3.43
728,single,1,27.34,0.011,0.055,2.85
729,single,1,13.83,0.061,0.286,3.47
730,single,1,21.61,0.055,0.032,2.89
731,single,1,20.22,0.014,0.047,3.49
732,single,1,16.53,0.034,0.005,3.45
733,single,1,22.75,0.035,0.004,3.15
734,single,1,18.8,0.069,0.232,3.22
735,single,1,20.01,0.034,0.057,3.27
736,single,1,12.62,0.033,0.206,2.95
737,single,1,24.97,0.04,0.062,3.37
738,single,1,8.27,0.058,0.172,3.07
739,single,1,28.15,0.059,0.175,3.48
740,single,1,20.35,0.069,0.246,3.45
741,single,1,20.58,0.027,0.079,2.9
742,single,1,14.91,0.038,0.242,3.21
743,single,1,9.27,0.018,0.21,3.38
744,single,1,26.57,0.027,0.251,3.43
745,single,1,24.9,0.03,0.053,3.4
746,single,1,13.92,0.064,0.267,3.38
747,single,1,27.73,0.031,0.204,3.0
748,single,1,22.03,0.017,0.182,3.47
749,single,1,21.77,0.03,0.271,3.35
750,single,1,9.87,0.043,0.249,2.96
751,single,1,13.8,0.019,0.028,3.43
752,single,1,28.99,0.063,0.071,3.0
753,single,1,11.85,0.023,0.086,3.4
754,single,1,20.32,0.057,0.233,3.03
755,single,1,13.4,0.036,0.018,2.8
756,single,1,11.48,0.068,0.015,2.92
757,single,1,28.87,0.038,0.025,3.11
758,single,1,9.92,0.035,0.0,2.8
759,single,1,8.88,0.032,0.287,3.37
760,single,1,25.3,0.042,0.003,3.35
761,single,1,18.86,0.021,0.168,3.38
762,single,1,11.79,0.061,0.198,3.34
763,single,1,23.59,0.023,0.18,3.42
764,single,1,22.4,0.056,0.107,3.14
765,single,1,9.31,0.04,0.207,3.42
766,single,1,11.93,0.07,0.025,2.92
767,single,1,27.23,0.043,0.285,3.17
768,single,1,18.54,0.037,0.096,3.06
769,single,1,8.48,0.022,0.282,2.95
770,single,1,9.66,0.041,0.176,3.0
771,single,1,14.64,0.023,0.28,3.3
772,single,1,10.37,0.012,0.127,3.27
773,single,1,29.4,0.039,0.042,3.09
774,single,1,28.6,0.039,0.06,3.05
775,single,1,14.47,0.068,0.03,3.38
776,single,1,15.12,0.044,0.087,3.44
777,single,1,13.44,0.04,0.018,2.89
778,single,1,26.13,0.043,0.006,3.22
779,single,1,14.86,0.043,0.275,2.86
780,single,1,11.61,0.037,0.281,2.97
781,single,1,23.36,0.045,0.032,3.02
782,single,1,26.7,0.019,0.016,2.81
783,single,1,22.48,0.051,0.221,3.41
784,single,1,28.14,0.025,0.045,2.8
785,single,1,24.6,0.014,0.279,3.18
786,single,1,27.06,0.03,0.207,3.04
787,single,1,8.18,0.07,0.002,3.41
788,single,1,19.39,0.027,0.256,3.49
789,single,1,29.73,0.021,0.222,3.49
790,single,1,25.83,0.028,0.027,2.88
791,single,1,14.2,0.033,0.181,3.27
792,single,1,15.76,0.051,0.046,2.82
793,single,1,20.3,0.061,0.06,3.38
794,single,1,14.63,0.021,0.222,3.1
795,single,1,29.71,0.031,0.265,3.0
796,single,1,22.68,0.034,0.13,3.4
797,single,1,19.94,0.037,0.053,3.05
798,single,1,25.47,0.055,0.03,3.37
799,single,1,12.89,0.014,0.243,3.18
800,single,1,11.28,0.031,0.051,3.01
801,single,1,29.38,0.053,0.011,3.31
802,single,1,12.21,0.021,0.261,2.98
803,single,1,17.62,0.037,0.244,3.3
804,single,1,24.4,0.062,0.086,3.33
805,single,1,26.9,0.021,0.053,3.4
806,single,1,16.53,0.019,0.034,3.4
807,single,1,23.93,0.012,0.211,3.16
808,single,1,11.5,0.057,0.173,3.1
809,single,1,24.06,0.034,0.271,3.36
810,single,1,8.24,0.019,0.081,2.87
811,single,1,10.37,0.025,0.26,3.0
812,single,1,26.52,0.022,0.274,3.33
813,single,1,29.82,0.07,0.141,3.21
814,single,1,25.39,0.061,0.26,3.37
815,single,1,22.9,0.069,0.149,3.27
816,single,1,15.61,0.024,0.232,3.38
817,single,1,11.88,0.025,0.298,2.99
818,single,1,24.93,0.036,0.149,3.45
819,single,1,10.35,0.019,0.226,3.18
820,single,1,25.48,0.015,0.032,3.23
821,single,1,8.98,0.031,0.19,3.36
822,single,1,25.74,0.057,0.111,3.23
823,single,1,26.66,0.03,0.236,3.09
824,single,1,29.74,0.068,0.065,3.2
825,single,1,15.68,0.032,0.124,3.29
826,single,1,19.73,0.04,0.139,2.9
827,single,1,24.35,0.019,0.29,3.14
828,single,1,19.74,0.011,0.075,3.49
829,single,1,20.08,0.059,0.091,3.1
830,single,1,24.0,0.036,0.295,2.83
831,single,1,28.98,0.047,0.031,3.26
832,single,1,21.48,0.039,0.07,3.18
833,single,1,9.75,0.05,0.197,3.2
834,single,1,25.65,0.037,0.278,3.48
835,single,1,19.02,0.049,0.287,2.95
836,single,1,8.25,0.023,0.133,2.88
837,single,1,10.13,0.053,0.216,2.86
838,single,1,12.39,0.024,0.277,3.41
839,single,1,20.46,0.047,0.074,2.8
840,single,1,13.91,0.054,0.122,3.3
841,single,1,26.37,0.069,0.024,3.36
842,single,1,13.78,0.059,0.22,3.01
843,single,1,18.14,0.01,0.16,2.94
844,single,1,16.51,0.042,0.014,3.42
845,single,1,25.17,0.029,0.042,2.98
846,single,1,15.9,0.066,0.09,3.46
847,single,1,10.56,0.054,0.169,3.16
848,single,1,18.26,0.02,0.132,3.37
849,single,1,12.45,0.01,0.29,2.94
850,single,1,9.42,0.017,0.177,3.05
851,single,1,16.16,0.036,0.239,3.16
852,single,1,18.11,0.024,0.184,3.18
853,single,1,29.54,0.07,0.063,2.88
854,single,1,8.08,0.042,0.208,3.01
855,single,1,12.94,0.01,0.013,2.85
856,single,1,17.15,0.026,0.242,3.05
857,single,1,22.22,0.031,0.019,3.09
858,single,1,19.73,0.034,0.08,3.04
859,single,1,19.13,0.054,0.101,3.35
860,single,1,14.15,0.03,0.066,2.99
861,single,1,16.18,0.03,0.292,3.17
862,single,1,8.09,0.012,0.16,3.03
863,single,1,20.51,0.01,0.058,3.17
864,single,1,10.21,0.021,0.054,3.18
865,single,1,26.31,0.021,0.287,3.43
866,single,1,27.24,0.021,0.161,2.99
867,single,1,18.39,0.069,0.181,2.94
868,single,1,11.72,0.021,0.281,3.3
869,single,1,14.6,0.068,0.238,3.21
870,single,1,14.04,0.048,0.232,3.1
871,single,1,28.14,0.059,0.069,3.07
872,single,1,11.21,0.069,0.116,3.34
873,single,1,12.07,0.061,0.299,3.16
874,single,1,11.29,0.019,0.288,2.92
875,single,1,29.07,0.059,0.18,3.28
876,single,1,18.72,0.032,0.112,2.95
877,single,1,27.77,0.058,0.19,3.29
878,single,1,24.32,0.035,0.214,3.25
879,single,1,18.39,0.049,0.098,3.4
880,single,1,22.58,0.024,0.207,3.09
881,single,1,15.94,0.038,0.042,3.29
882,single,1,12.11,0.034,0.107,2.93
883,single,1,14.98,0.021,0.221,2.99
884,single,1,24.34,0.017,0.198,2.82
885,single,1,22.17,0.038,0.04,2.92
886,single,1,25.84,0.038,0.09,3.42
887,single,1,21.61,0.039,0.286,3.06
888,single,1,13.26,0.042,0.183,3.14
889,single,1,15.37,0.023,0.238,3.43
890,single,1,11.23,0.03,0.171,3.49
891,single,1,16.95,0.056,0.15,3.15
892,single,1,17.81,0.055,0.053,3.26
893,single,1,9.64,0.042,0.109,3.3
894,single,1,21.34,0.018,0.16,3.26
895,single,1,26.73,0.04,0.05,3.28
896,single,1,19.13,0.056,0.021,2.82
897,single,1,17.04,0.034,0.097,2.93
898,single,1,10.6,0.03,0.284,3.47
899,single,1,27.01,0.064,0.269,2.87
900,single,1,14.17,0.069,0.137,3.39
901,single,1,25.71,0.023,0.099,3.14
902,single,1,8.36,0.036,0.252,3.01
903,single,1,10.33,0.06,0.149,3.18
904,single,1,14.44,0.045,0.15,3.44
905,single,1,10.25,0.053,0.252,3.24
906,single,1,9.27,0.01,0.092,2.85
907,single,1,14.54,0.053,0.285,3.25
908,single,1,21.16,0.056,0.226,3.32
909,single,1,27.52,0.066,0.234,2.81
910,single,1,22.1,0.017,0.041,2.99
911,single,1,16.28,0.024,0.052,2.94
912,single,1,20.53,0.05,0.257,2.98
913,single,1,29.81,0.028,0.22,3.32
914,single,1,15.39,0.036,0.195,3.03
915,single,1,14.04,0.048,0.175,3.2
916,single,1,23.04,0.041,0.047,3.4
917,single,1,9.77,0.054,0.069,3.27
918,single,1,15.02,0.05,0.246,3.45
919,single,1,20.82,0.021,0.136,3.15
920,single,1,11.41,0.052,0.028,3.0
921,single,1,16.65,0.069,0.047,3.16
922,single,1,21.94,0.055,0.092,3.01
923,single,1,12.23,0.02,0.163,3.27
924,single,1,15.51,0.028,0.01,3.02
925,single,1,26.58,0.065,0.13,2.8
926,single,1,23.16,0.036,0.104,3.37
927,single,1,11.73,0.015,0.238,3.33
928,single,1,17.13,0.029,0.076,3.16
929,single,1,22.32,0.033,0.086,2.87
930,single,1,29.64,0.03,0.0,3.29
931,single,1,24.05,0.036,0.161,2.89
932,single,1,20.97,0.031,0.13,3.33
933,single,1,23.29,0.034,0.065,3.15
934,single,1,19.52,0.053,0.247,3.34
935,single,1,10.29,0.046,0.023,3.48
936,single,1,12.68,0.053,0.18,3.02
937,single,1,9.05,0.025,0.142,3.38
938,single,1,29.28,0.069,0.002,3.14
939,single,1,13.1,0.048,0.186,3.49
940,single,1,15.95,0.032,0.029,3.06
941,single,1,28.96,0.057,0.031,2.97
942,single,1,24.82,0.036,0.001,3.18
943,single,1,22.36,0.046,0.115,3.41
944,single,1,8.34,0.056,0.129,3.36
945,single,1,14.96,0.021,0.155,3.03
946,single,1,8.66,0.043,0.085,3.2
947,single,1,19.01,0.043,0.081,3.27
948,single,1,22.59,0.033,0.034,2.97
949,single,1,18.6,0.043,0.24,3.38
950,single,1,24.62,0.051,0.05,2.86
951,single,1,12.31,0.029,0.174,3.02
952,single,1,20.3,0.055,0.108,3.08
953,single,1,10.49,0.017,0.069,3.0
954,single,1,16.68,0.052,0.186,3.08
955,single,1,21.75,0.051,0.178,3.04
956,single,1,11.29,0.026,0.096,3.05
957,single,1,26.8,0.05,0.086,3.33
958,single,1,25.57,0.039,0.158,3.15
959,single,1,28.54,0.011,0.299,2.83
960,single,1,28.62,0.053,0.257,2.96
961,single,1,19.07,0.044,0.209,3.0
962,single,1,8.87,0.015,0.143,3.35
963,single,1,24.56,0.028,0.271,3.11
964,single,1,17.7,0.066,0.117,3.22
965,single,1,11.14,0.018,0.274,3.19
966,single,1,15.55,0.029,0.219,3.15
967,single,1,12.46,0.053,0.008,3.47
968,single,1,18.08,0.054,0.003,2.89
969,single,1,15.78,0.06,0.18,3.27
970,single,1,20.08,0.036,0.121,3.45
971,single,1,10.39,0.031,0.296,3.15
972,single,1,16.02,0.056,0.23,3.27
973,single,1,23.36,0.064,0.243,3.38
974,single,1,9.02,0.03,0.081,3.01
975,multi,2,-1,0.047,-1,-1
976,multi,3,-1,0.022,-1,-1
977,multi,2,-1,0.045,-1,-1
978,multi,2,-1,0.053,-1,-1
979,multi,2,-1,0.053,-1,-1
980,multi,2,-1,0.026,-1,-1
981,multi,3,-1,0.024,-1,-1
982,multi,2,-1,0.051,-1,-1
983,multi,2,-1,0.06,-1,-1
984,multi,3,-1,0.043,-1,-1
985,multi,2,-1,0.028,-1,-1
986,multi,2,-1,0.037,-1,-1
987,multi,3,-1,0.055,-1,-1
988,multi,2,-1,0.042,-1,-1
989,multi,2,-1,0.036,-1,-1
990,multi,3,-1,0.051,-1,-1
991,multi,2,-1,0.046,-1,-1
992,multi,2,-1,0.055,-1,-1
993,multi,3,-1,0.041,-1,-1
994,multi,2,-1,0.036,-1,-1
995,multi,3,-1,0.03,-1,-1
996,multi,2,-1,0.046,-1,-1
997,multi,2,-1,0.05,-1,-1
998,multi,3,-1,0.037,-1,-1
999,multi,2,-1,0.056,-1,-1
1000,multi,2,-1,0.034,-1,-1
1001,multi,3,-1,0.047,-1,-1
1002,multi,3,-1,0.058,-1,-1
1003,multi,2,-1,0.056,-1,-1
1004,multi,2,-1,0.025,-1,-1
1005,multi,2,-1,0.031,-1,-1
1006,multi,2,-1,0.024,-1,-1
1007,multi,2,-1,0.045,-1,-1
1008,multi,3,-1,0.056,-1,-1
1009,multi,3,-1,0.039,-1,-1
1010,multi,3,-1,0.045,-1,-1
1011,multi,2,-1,0.032,-1,-1
1012,multi,3,-1,0.046,-1,-1
1013,multi,3,-1,0.053,-1,-1
1014,multi,2,-1,0.047,-1,-1
1015,multi,3,-1,0.027,-1,-1
1016,multi,3,-1,0.029,-1,-1
1017,multi,3,-1,0.051,-1,-1
1018,multi,3,-1,0.038,-1,-1
1019,multi,3,-1,0.054,-1,-1
1020,multi,2,-1,0.02,-1,-1
1021,multi,2,-1,0.047,-1,-1
1022,multi,2,-1,0.049,-1,-1
1023,multi,2,-1,0.057,-1,-1
1024,multi,2,-1,0.025,-1,-1
1025,multi,2,-1,0.058,-1,-1
1026,multi,2,-1,0.025,-1,-1
1027,multi,3,-1,0.039,-1,-1
1028,multi,3,-1,0.029,-1,-1
1029,multi,2,-1,0.05,-1,-1
1030,multi,2,-1,0.038,-1,-1
1031,multi,2,-1,0.054,-1,-1
1032,multi,3,-1,0.055,-1,-1
1033,multi,2,-1,0.024,-1,-1
1034,multi,3,-1,0.023,-1,-1
1035,multi,2,-1,0.056,-1,-1
1036,multi,2,-1,0.041,-1,-1
1037,multi,3,-1,0.03,-1,-1
1038,multi,3,-1,0.059,-1,-1
1039,multi,2,-1,0.021,-1,-1
1040,multi,2,-1,0.029,-1,-1
1041,multi,2,-1,0.051,-1,-1
1042,multi,2,-1,0.04,-1,-1
1043,multi,3,-1,0.054,-1,-1
1044,multi,3,-1,0.035,-1,-1
1045,multi,3,-1,0.042,-1,-1
1046,multi,3,-1,0.041,-1,-1
1047,multi,3,-1,0.056,-1,-1
1048,multi,3,-1,0.042,-1,-1
1049,multi,3,-1,0.052,-1,-1
1050,multi,2,-1,0.05,-1,-1
1051,multi,2,-1,0.037,-1,-1
1052,multi,3,-1,0.059,-1,-1
1053,multi,3,-1,0.047,-1,-1
1054,multi,3,-1,0.025,-1,-1
1055,multi,2,-1,0.035,-1,-1
1056,multi,3,-1,0.046,-1,-1
1057,multi,2,-1,0.029,-1,-1
1058,multi,2,-1,0.06,-1,-1
1059,multi,2,-1,0.032,-1,-1
1060,multi,3,-1,0.051,-1,-1
1061,multi,2,-1,0.035,-1,-1
1062,multi,2,-1,0.06,-1,-1
1063,multi,3,-1,0.059,-1,-1
1064,multi,2,-1,0.048,-1,-1
1065,multi,3,-1,0.023,-1,-1
1066,multi,2,-1,0.035,-1,-1
1067,multi,3,-1,0.028,-1,-1
1068,multi,2,-1,0.06,-1,-1
1069,multi,3,-1,0.035,-1,-1
1070,multi,3,-1,0.021,-1,-1
1071,multi,2,-1,0.042,-1,-1
1072,multi,2,-1,0.042,-1,-1
1073,multi,2,-1,0.026,-1,-1
1074,multi,3,-1,0.047,-1,-1
1075,multi,2,-1,0.06,-1,-1
1076,multi,2,-1,0.025,-1,-1
1077,multi,2,-1,0.044,-1,-1
1078,multi,3,-1,0.052,-1,-1
1079,multi,3,-1,0.055,-1,-1
1080,multi,2,-1,0.05,-1,-1
1081,multi,2,-1,0.026,-1,-1
1082,multi,3,-1,0.033,-1,-1
1083,multi,2,-1,0.041,-1,-1
1084,multi,2,-1,0.031,-1,-1
1085,multi,2,-1,0.058,-1,-1
1086,multi,3,-1,0.04,-1,-1
1087,multi,2,-1,0.025,-1,-1
1088,multi,2,-1,0.029,-1,-1
1089,multi,3,-1,0.058,-1,-1
1090,multi,2,-1,0.022,-1,-1
1091,multi,3,-1,0.038,-1,-1
1092,multi,2,-1,0.058,-1,-1
1093,multi,3,-1,0.034,-1,-1
1094,multi,2,-1,0.027,-1,-1
1095,multi,2,-1,0.053,-1,-1
1096,multi,3,-1,0.021,-1,-1
1097,multi,3,-1,0.028,-1,-1
1098,multi,2,-1,0.041,-1,-1
1099,multi,2,-1,0.032,-1,-1
1100,multi,2,-1,0.029,-1,-1
1101,multi,2,-1,0.055,-1,-1
1102,multi,3,-1,0.037,-1,-1
1103,multi,3,-1,0.04,-1,-1
1104,multi,2,-1,0.053,-1,-1
1105,multi,2,-1,0.052,-1,-1
1106,multi,3,-1,0.027,-1,-1
1107,multi,3,-1,0.021,-1,-1
1108,multi,3,-1,0.06,-1,-1
1109,multi,3,-1,0.028,-1,-1
1110,multi,2,-1,0.049,-1,-1
1111,multi,3,-1,0.027,-1,-1
1112,multi,3,-1,0.048,-1,-1
1113,multi,3,-1,0.029,-1,-1
1114,multi,2,-1,0.04,-1,-1
1115,multi,3,-1,0.044,-1,-1
1116,multi,3,-1,0.028,-1,-1
1117,multi,3,-1,0.031,-1,-1
1118,multi,3,-1,0.045,-1,-1
1119,multi,2,-1,0.051,-1,-1
1120,multi,2,-1,0.022,-1,-1
1121,multi,2,-1,0.046,-1,-1
1122,multi,3,-1,0.025,-1,-1
1123,multi,2,-1,0.031,-1,-1
1124,multi,3,-1,0.024,-1,-1
1125,multi,3,-1,0.045,-1,-1
1126,multi,2,-1,0.04,-1,-1
1127,multi,3,-1,0.044,-1,-1
1128,multi,2,-1,0.038,-1,-1
1129,multi,3,-1,0.027,-1,-1
1130,multi,3,-1,0.039,-1,-1
1131,multi,2,-1,0.051,-1,-1
1132,multi,2,-1,0.03,-1,-1
1133,multi,2,-1,0.054,-1,-1
1134,multi,3,-1,0.057,-1,-1
1135,multi,3,-1,0.023,-1,-1
1136,multi,2,-1,0.037,-1,-1
1137,multi,2,-1,0.045,-1,-1
1138,multi,3,-1,0.031,-1,-1
1139,multi,2,-1,0.029,-1,-1
1140,multi,3,-1,0.052,-1,-1
1141,multi,3,-1,0.024,-1,-1
1142,multi,2,-1,0.027,-1,-1
1143,multi,3,-1,0.046,-1,-1
1144,multi,3,-1,0.035,-1,-1
1145,multi,3,-1,0.055,-1,-1
1146,multi,3,-1,0.029,-1,-1
1147,multi,3,-1,0.035,-1,-1
1148,multi,2,-1,0.045,-1,-1
1149,multi,2,-1,0.052,-1,-1
1150,multi,3,-1,0.032,-1,-1
1151,multi,2,-1,0.048,-1,-1
1152,multi,3,-1,0.035,-1,-1
1153,multi,2,-1,0.039,-1,-1
1154,multi,3,-1,0.04,-1,-1
1155,multi,3,-1,0.032,-1,-1
1156,multi,3,-1,0.033,-1,-1
1157,multi,2,-1,0.026,-1,-1
1158,multi,3,-1,0.028,-1,-1
1159,multi,3,-1,0.057,-1,-1
1160,multi,2,-1,0.057,-1,-1
1161,multi,3,-1,0.024,-1,-1
1162,multi,3,-1,0.024,-1,-1
1163,multi,2,-1,0.035,-1,-1
1164,multi,2,-1,0.059,-1,-1
1165,multi,3,-1,0.028,-1,-1
1166,multi,2,-1,0.036,-1,-1
1167,multi,2,-1,0.058,-1,-1
1168,multi,2,-1,0.051,-1,-1
1169,multi,2,-1,0.045,-1,-1
1170,multi,2,-1,0.052,-1,-1
1171,multi,2,-1,0.035,-1,-1
1172,multi,2,-1,0.026,-1,-1
1173,multi,3,-1,0.045,-1,-1
1174,multi,3,-1,0.036,-1,-1
1175,multi,3,-1,0.05,-1,-1
1176,multi,2,-1,0.049,-1,-1
1177,multi,2,-1,0.053,-1,-1
1178,multi,2,-1,0.047,-1,-1
1179,multi,2,-1,0.051,-1,-1
1180,multi,2,-1,0.038,-1,-1
1181,multi,2,-1,0.038,-1,-1
1182,multi,3,-1,0.024,-1,-1
1183,multi,3,-1,0.06,-1,-1
1184,multi,2,-1,0.036,-1,-1
1185,multi,2,-1,0.05,-1,-1
1186,multi,3,-1,0.024,-1,-1
1187,multi,2,-1,0.047,-1,-1
1188,multi,3,-1,0.046,-1,-1
1189,multi,2,-1,0.053,-1,-1
1190,multi,2,-1,0.041,-1,-1
1191,multi,3,-1,0.031,-1,-1
1192,multi,3,-1,0.031,-1,-1
1193,multi,3,-1,0.039,-1,-1
1194,multi,3,-1,0.049,-1,-1
1195,multi,3,-1,0.048,-1,-1
1196,multi,3,-1,0.057,-1,-1
1197,multi,3,-1,0.06,-1,-1
1198,multi,3,-1,0.047,-1,-1
1199,multi,2,-1,0.04,-1,-1
1200,multi,3,-1,0.045,-1,-1
1201,multi,3,-1,0.027,-1,-1
1202,multi,3,-1,0.043,-1,-1
1203,multi,3,-1,0.052,-1,-1
1204,multi,2,-1,0.055,-1,-1
1205,multi,2,-1,0.036,-1,-1
1206,multi,2,-1,0.024,-1,-1
1207,multi,2,-1,0.03,-1,-1
1208,multi,3,-1,0.042,-1,-1
1209,multi,3,-1,0.034,-1,-1
1210,multi,3,-1,0.04,-1,-1
1211,multi,3,-1,0.02,-1,-1
1212,multi,2,-1,0.048,-1,-1
1213,multi,2,-1,0.045,-1,-1
1214,multi,2,-1,0.037,-1,-1
1215,multi,3,-1,0.041,-1,-1
1216,multi,2,-1,0.052,-1,-1
1217,multi,3,-1,0.05,-1,-1
1218,multi,2,-1,0.039,-1,-1
1219,multi,3,-1,0.037,-1,-1
1220,multi,3,-1,0.059,-1,-1
1221,multi,2,-1,0.029,-1,-1
1222,multi,2,-1,0.021,-1,-1
1223,multi,2,-1,0.059,-1,-1
1224,multi,2,-1,0.049,-1,-1
1225,multi,2,-1,0.029,-1,-1
1226,multi,2,-1,0.022,-1,-1
1227,multi,2,-1,0.036,-1,-1
1228,multi,3,-1,0.051,-1,-1
1229,multi,3,-1,0.031,-1,-1
1230,multi,2,-1,0.047,-1,-1
1231,multi,3,-1,0.046,-1,-1
1232,multi,3,-1,0.024,-1,-1
1233,multi,3,-1,0.042,-1,-1
1234,multi,3,-1,0.025,-1,-1
1235,multi,2,-1,0.041,-1,-1
1236,multi,3,-1,0.058,-1,-1
1237,multi,2,-1,0.023,-1,-1
1238,multi,2,-1,0.048,-1,-1
1239,multi,3,-1,0.031,-1,-1
1240,multi,3,-1,0.035,-1,-1
1241,multi,3,-1,0.038,-1,-1
1242,multi,3,-1,0.021,-1,-1
1243,multi,3,-1,0.03,-1,-1
1244,multi,2,-1,0.059,-1,-1
1245,multi,2,-1,0.048,-1,-1
1246,multi,2,-1,0.039,-1,-1
1247,multi,2,-1,0.032,-1,-1
1248,multi,3,-1,0.059,-1,-1
1249,multi,2,-1,0.058,-1,-1
1250,multi,3,-1,0.04,-1,-1
1251,multi,2,-1,0.042,-1,-1
1252,multi,3,-1,0.052,-1,-1
1253,multi,3,-1,0.031,-1,-1
1254,multi,2,-1,0.057,-1,-1
1255,multi,2,-1,0.03,-1,-1
1256,multi,3,-1,0.053,-1,-1
1257,multi,3,-1,0.052,-1,-1
1258,multi,2,-1,0.055,-1,-1
1259,multi,2,-1,0.047,-1,-1
1260,multi,3,-1,0.057,-1,-1
1261,multi,2,-1,0.052,-1,-1
1262,multi,3,-1,0.05,-1,-1
1263,multi,2,-1,0.023,-1,-1
1264,multi,3,-1,0.049,-1,-1
1265,multi,3,-1,0.024,-1,-1
1266,multi,3,-1,0.053,-1,-1
1267,multi,3,-1,0.038,-1,-1
1268,multi,3,-1,0.054,-1,-1
1269,multi,3,-1,0.053,-1,-1
1270,multi,2,-1,0.051,-1,-1
1271,multi,2,-1,0.048,-1,-1
1272,multi,3,-1,0.032,-1,-1
1273,multi,3,-1,0.04,-1,-1
1274,multi,3,-1,0.035,-1,-1
1275,multi,3,-1,0.037,-1,-1
1276,multi,3,-1,0.028,-1,-1
1277,multi,2,-1,0.026,-1,-1
1278,multi,2,-1,0.03,-1,-1
1279,multi,3,-1,0.06,-1,-1
1280,multi,3,-1,0.04,-1,-1
1281,multi,2,-1,0.038,-1,-1
1282,multi,2,-1,0.057,-1,-1
1283,multi,3,-1,0.053,-1,-1
1284,multi,3,-1,0.055,-1,-1
1285,multi,3,-1,0.048,-1,-1
1286,multi,2,-1,0.045,-1,-1
1287,multi,3,-1,0.02,-1,-1
1288,multi,2,-1,0.039,-1,-1
1289,multi,3,-1,0.039,-1,-1
1290,multi,3,-1,0.042,-1,-1
1291,multi,2,-1,0.053,-1,-1
1292,multi,2,-1,0.042,-1,-1
1293,multi,2,-1,0.059,-1,-1
1294,multi,3,-1,0.042,-1,-1
1295,multi,2,-1,0.036,-1,-1
1296,multi,3,-1,0.046,-1,-1
1297,multi,3,-1,0.027,-1,-1
1298,multi,3,-1,0.055,-1,-1
1299,multi,3,-1,0.042,-1,-1
1300,multi,2,-1,0.024,-1,-1
1301,multi,3,-1,0.046,-1,-1
1302,multi,3,-1,0.026,-1,-1
1303,multi,2,-1,0.046,-1,-1
1304,multi,3,-1,0.045,-1,-1
1305,multi,3,-1,0.024,-1,-1
1306,multi,2,-1,0.056,-1,-1
1307,multi,3,-1,0.048,-1,-1
1308,multi,2,-1,0.046,-1,-1
1309,multi,3,-1,0.035,-1,-1
1310,multi,3,-1,0.045,-1,-1
1311,multi,2,-1,0.026,-1,-1
1312,multi,3,-1,0.056,-1,-1
1313,multi,2,-1,0.026,-1,-1
1314,multi,2,-1,0.031,-1,-1
1315,multi,2,-1,0.039,-1,-1
1316,multi,2,-1,0.047,-1,-1
1317,multi,3,-1,0.046,-1,-1
1318,multi,3,-1,0.059,-1,-1
1319,multi,3,-1,0.022,-1,-1
1320,multi,3,-1,0.035,-1,-1
1321,multi,3,-1,0.03,-1,-1
1322,multi,2,-1,0.059,-1,-1
1323,multi,2,-1,0.057,-1,-1
1324,multi,3,-1,0.058,-1,-1
1325,multi,3,-1,0.045,-1,-1
1326,multi,3,-1,0.025,-1,-1
1327,multi,3,-1,0.024,-1,-1
1328,multi,3,-1,0.037,-1,-1
1329,multi,3,-1,0.051,-1,-1
1330,multi,3,-1,0.028,-1,-1
1331,multi,2,-1,0.052,-1,-1
1332,multi,2,-1,0.046,-1,-1
1333,multi,3,-1,0.043,-1,-1
1334,multi,3,-1,0.058,-1,-1
1335,multi,3,-1,0.057,-1,-1
1336,multi,2,-1,0.058,-1,-1
1337,multi,3,-1,0.059,-1,-1
1338,multi,3,-1,0.02,-1,-1
1339,multi,2,-1,0.052,-1,-1
1340,multi,3,-1,0.033,-1,-1
1341,multi,3,-1,0.055,-1,-1
1342,multi,2,-1,0.025,-1,-1
1343,multi,3,-1,0.044,-1,-1
1344,multi,2,-1,0.024,-1,-1
1345,multi,2,-1,0.037,-1,-1
1346,multi,2,-1,0.03,-1,-1
1347,multi,2,-1,0.049,-1,-1
1348,multi,3,-1,0.026,-1,-1
1349,multi,3,-1,0.033,-1,-1
1350,multi,2,-1,0.038,-1,-1
1351,multi,2,-1,0.032,-1,-1
1352,multi,2,-1,0.045,-1,-1
1353,multi,3,-1,0.059,-1,-1
1354,multi,2,-1,0.037,-1,-1
1355,multi,2,-1,0.056,-1,-1
1356,multi,2,-1,0.023,-1,-1
1357,multi,2,-1,0.041,-1,-1
1358,multi,2,-1,0.027,-1,-1
1359,multi,3,-1,0.044,-1,-1
1360,multi,3,-1,0.028,-1,-1
1361,multi,2,-1,0.06,-1,-1
1362,multi,2,-1,0.03,-1,-1
1363,multi,2,-1,0.044,-1,-1
1364,multi,3,-1,0.052,-1,-1
1365,multi,3,-1,0.059,-1,-1
1366,multi,3,-1,0.04,-1,-1
1367,multi,2,-1,0.047,-1,-1
1368,multi,3,-1,0.033,-1,-1
1369,multi,3,-1,0.054,-1,-1
1370,multi,3,-1,0.03,-1,-1
1371,multi,2,-1,0.056,-1,-1
1372,multi,3,-1,0.058,-1,-1
1373,multi,3,-1,0.052,-1,-1
1374,multi,2,-1,0.048,-1,-1
1375,multi,2,-1,0.025,-1,-1
1376,multi,3,-1,0.041,-1,-1
1377,multi,2,-1,0.037,-1,-1
1378,multi,3,-1,0.059,-1,-1
1379,multi,3,-1,0.06,-1,-1
1380,multi,2,-1,0.028,-1,-1
1381,multi,3,-1,0.026,-1,-1
1382,multi,3,-1,0.058,-1,-1
1383,multi,3,-1,0.058,-1,-1
1384,multi,3,-1,0.022,-1,-1
1385,multi,3,-1,0.055,-1,-1
1386,multi,2,-1,0.049,-1,-1
1387,multi,3,-1,0.043,-1,-1
1388,multi,2,-1,0.053,-1,-1
1389,multi,3,-1,0.039,-1,-1
1390,multi,2,-1,0.02,-1,-1
1391,multi,3,-1,0.028,-1,-1
1392,multi,3,-1,0.022,-1,-1
1393,multi,3,-1,0.04,-1,-1
1394,multi,3,-1,0.026,-1,-1
1395,multi,3,-1,0.054,-1,-1
1396,multi,2,-1,0.04,-1,-1
1397,multi,3,-1,0.05,-1,-1
1398,multi,2,-1,0.052,-1,-1
1399,multi,3,-1,0.027,-1,-1
1400,multi,3,-1,0.03,-1,-1
1401,multi,3,-1,0.038,-1,-1
1402,multi,2,-1,0.03,-1,-1
1403,multi,3,-1,0.037,-1,-1
1404,multi,3,-1,0.047,-1,-1
1405,multi,2,-1,0.059,-1,-1
1406,multi,2,-1,0.053,-1,-1
1407,multi,2,-1,0.03,-1,-1
1408,multi,2,-1,0.036,-1,-1
1409,multi,3,-1,0.052,-1,-1
1410,multi,3,-1,0.05,-1,-1
1411,multi,3,-1,0.026,-1,-1
1412,multi,2,-1,0.049,-1,-1
1413,multi,3,-1,0.047,-1,-1
1414,multi,2,-1,0.037,-1,-1
1415,multi,2,-1,0.039,-1,-1
1416,multi,3,-1,0.058,-1,-1
1417,multi,3,-1,0.051,-1,-1
1418,multi,3,-1,0.055,-1,-1
1419,multi,3,-1,0.027,-1,-1
1420,multi,3,-1,0.033,-1,-1
1421,multi,3,-1,0.052,-1,-1
1422,multi,2,-1,0.05,-1,-1
1423,multi,3,-1,0.044,-1,-1
1424,multi,3,-1,0.03,-1,-1
1425,multi,2,-1,0.06,-1,-1
1426,multi,3,-1,0.047,-1,-1
1427,multi,2,-1,0.036,-1,-1
1428,multi,3,-1,0.049,-1,-1
1429,multi,2,-1,0.02,-1,-1
1430,multi,2,-1,0.032,-1,-1
1431,multi,2,-1,0.049,-1,-1
1432,multi,2,-1,0.035,-1,-1
1433,multi,2,-1,0.025,-1,-1
1434,multi,3,-1,0.031,-1,-1
1435,multi,2,-1,0.054,-1,-1
1436,multi,3,-1,0.035,-1,-1
1437,multi,3,-1,0.032,-1,-1
1438,multi,3,-1,0.032,-1,-1
1439,multi,3,-1,0.059,-1,-1
1440,multi,3,-1,0.025,-1,-1
1441,multi,2,-1,0.02,-1,-1
1442,multi,3,-1,0.039,-1,-1
1443,multi,2,-1,0.039,-1,-1
1444,multi,3,-1,0.025,-1,-1
1445,multi,3,-1,0.032,-1,-1
1446,multi,3,-1,0.058,-1,-1
1447,multi,2,-1,0.033,-1,-1
1448,multi,3,-1,0.056,-1,-1
1449,multi,2,-1,0.051,-1,-1
1450,multi,2,-1,0.027,-1,-1
1451,multi,3,-1,0.056,-1,-1
1452,multi,2,-1,0.048,-1,-1
1453,multi,3,-1,0.026,-1,-1
1454,multi,3,-1,0.034,-1,-1
1455,multi,2,-1,0.052,-1,-1
1456,multi,3,-1,0.032,-1,-1
1457,multi,2,-1,0.046,-1,-1
1458,multi,2,-1,0.044,-1,-1
1459,multi,2,-1,0.023,-1,-1
1460,multi,3,-1,0.028,-1,-1
1461,multi,2,-1,0.06,-1,-1
1462,multi,2,-1,0.037,-1,-1
1463,multi,3,-1,0.049,-1,-1
1464,multi,3,-1,0.047,-1,-1
1465,multi,3,-1,0.052,-1,-1
1466,multi,3,-1,0.044,-1,-1
1467,multi,2,-1,0.03,-1,-1
1468,multi,3,-1,0.051,-1,-1
1469,multi,2,-1,0.028,-1,-1
1470,multi,3,-1,0.057,-1,-1
1471,multi,2,-1,0.032,-1,-1
1472,multi,3,-1,0.042,-1,-1
1473,multi,2,-1,0.037,-1,-1
1474,multi,2,-1,0.033,-1,-1
1475,multi,3,-1,0.045,-1,-1
1476,multi,3,-1,0.057,-1,-1
1477,multi,2,-1,0.054,-1,-1
1478,multi,2,-1,0.039,-1,-1
1479,multi,3,-1,0.032,-1,-1
1480,multi,2,-1,0.046,-1,-1
1481,multi,3,-1,0.048,-1,-1
1482,multi,3,-1,0.057,-1,-1
1483,multi,3,-1,0.037,-1,-1
1484,multi,2,-1,0.057,-1,-1
1485,multi,3,-1,0.047,-1,-1
1486,multi,2,-1,0.039,-1,-1
1487,multi,3,-1,0.042,-1,-1
1488,multi,2,-1,0.056,-1,-1
1489,multi,2,-1,0.059,-1,-1
1490,multi,2,-1,0.06,-1,-1
1491,multi,2,-1,0.029,-1,-1
1492,multi,3,-1,0.023,-1,-1
1493,multi,2,-1,0.051,-1,-1
1494,multi,3,-1,0.046,-1,-1
1495,multi,3,-1,0.023,-1,-1
1496,multi,2,-1,0.029,-1,-1
1497,multi,2,-1,0.042,-1,-1
1498,multi,3,-1,0.058,-1,-1
1499,multi,2,-1,0.05,-1,-1
